<?xml version="1.0" encoding="UTF-8"?>
<!DOCTYPE mapper PUBLIC "-//mybatis.org//DTD Mapper 3.0//EN" "http://mybatis.org/dtd/mybatis-3-mapper.dtd">
<mapper namespace="com.vrms.app.dao.AppointmentDao">
    <insert id="save">
        insert into appointment(uid, addid, avcid, money, apptime, ctime, remark)
        values (#{uid}, #{addid}, #{avcid}, #{money}, #{apptime}, #{ctime}, #{remark})
    </insert>
    <update id="update">
        update appointment
        set uid=#{uid},
            addid=#{addid},
            avcid=#{avcid},
            money=#{money},
            apptime=#{apptime},
            mtime=#{mtime},
            stats=#{stats},
            remark=#{remark}
        where appid = #{appid}
    </update>
    <update id="remove">
        update appointment
        set deleted=0
        where appid = #{appid}
    </update>
    <select id="listPage" resultType="com.vrms.app.entity.Appointment">
        select *
        from appointment as app
        left join users as u on app.uid = u.uid
        left join address as a on app.addid = a.addid
        left join vaccines as v on app.avcid = v.avcid
        <where>
            <if test="username!=null and username!=''">
                u.username like '%${username}%'
            </if>
            and app.deleted=0
        </where>
        limit #{page},#{size}
    </select>
    <select id="count" resultType="java.lang.Integer">
        select count(*)
        from appointment as app
        left join users as u on app.uid = u.uid
        left join address as a on app.addid = a.addid
        left join vaccines as v on app.avcid = v.avcid
        <where>
            <if test="username!=null and username!=''">
                u.username like '%${username}%'
            </if>
            and app.deleted=0
        </where>
    </select>
</mapper>

